Timestamp,Protocol,Status Code,Bytes Sent,Referrer,Source Port,Destination Port,Origin Server,Destination,Response Code,Response Time (seconds),Backend Time (seconds),Method_DELETE,Method_GET,Method_PATCH,Method_POST,IP_Address_172.18.0.1,Resource_/admin/jsi18n/,Resource_/admin/userManager/customuser/,Resource_/login/,Resource_/logout/,Resource_/register,Resource_/register/,Resource_/token/refresh/,Resource_/user/,Resource_/user/pk/,Resource_/users/pk/,"User Agent_Mozilla/5.0 (Windows NT 10.0; Win64; x64) AppleWebKit/537.36 (KHTML, like Gecko) Chrome/130.0.0.0 Safari/537.36",User Agent_PostmanRuntime/7.42.0,User Agent_python-requests/2.32.3,Hour,Day,Weekday,Average_Request_Frequency,Time_Difference,Average_Time_Between_Requests,Average_Bytes_Sent,Response_Time_StdDev,Backend_Time_StdDev,Anomaly
2024-10-26 10:50:45+00:00,HTTP/1.1,204,-0.5485491913522997,-,0.0,0.009463730381391111,localhost,172.18.0.6:8000,204,-0.5089416303449419,-0.5095114110000013,7.806482977025456,-0.4692144763295556,-0.25012610341281105,-1.7071901303791386,0.0,-0.16828640022295327,-0.2232721403445533,-0.5359907308617213,-0.08749572785196141,-0.06907237049944219,-0.9636241116594317,-0.10274542267662386,-0.2436311491187561,-0.15594571538795135,2.7371400190474304,-0.28479611930078774,-0.06175075210944388,0.2925183931127722,-0.9817420805766498,-0.06907237049945344,-0.06907237049944052,0.0,-0.05448884934980632,1.4210854715202004e-14,-9.244463733058732e-33,0.0,0.0,-1
2024-10-26 10:50:48+00:00,HTTP/1.1,204,-0.5485491913522997,-,0.0,0.24528914160936072,localhost,172.18.0.7:8000,204,-0.49165099125124917,-0.49180696552141756,7.806482977025456,-0.4692144763295556,-0.25012610341281105,-1.7071901303791386,0.0,-0.16828640022295327,-0.2232721403445533,-0.5359907308617213,-0.08749572785196141,-0.06907237049944219,-0.9636241116594317,-0.10274542267662386,-0.2436311491187561,-0.15594571538795135,2.7371400190474304,-0.28479611930078774,-0.06175075210944388,0.2925183931127722,-0.9817420805766498,-0.06907237049945344,-0.06907237049944052,0.0,-0.05448884934980632,1.4210854715202004e-14,-9.244463733058732e-33,0.0,0.0,-1
2024-10-26 10:51:07+00:00,HTTP/1.1,500,1.7055280901367518,-,0.0,0.002485223314440989,localhost,172.18.0.6:8000,500,10.419977322518374,10.420307418639155,-0.12809865888941385,-0.4692144763295556,-0.25012610341281105,0.5857578381020258,0.0,-0.16828640022295327,-0.2232721403445533,-0.5359907308617213,-0.08749572785196141,-0.06907237049944219,1.0377490433255416,-0.10274542267662386,-0.2436311491187561,-0.15594571538795135,-0.36534484646058274,-0.28479611930078774,-0.06175075210944388,0.2925183931127722,-0.9817420805766498,-0.06907237049945344,-0.06907237049944052,0.0,-0.05399173225153527,1.4210854715202004e-14,-9.244463733058732e-33,0.0,0.0,-1
2024-10-26 10:51:11+00:00,HTTP/1.1,500,1.70414434497775,-,0.0,0.023661382690013773,localhost,172.18.0.6:8000,500,9.564090687380588,9.56472979760434,-0.12809865888941385,-0.4692144763295556,-0.25012610341281105,0.5857578381020258,0.0,-0.16828640022295327,-0.2232721403445533,-0.5359907308617213,-0.08749572785196141,-0.06907237049944219,1.0377490433255416,-0.10274542267662386,-0.2436311491187561,-0.15594571538795135,-0.36534484646058274,-0.28479611930078774,-0.06175075210944388,0.2925183931127722,-0.9817420805766498,-0.06907237049945344,-0.06907237049944052,0.0,-0.05399173225153527,1.4210854715202004e-14,-9.244463733058732e-33,0.0,0.0,-1
2024-10-26 10:52:13+00:00,HTTP/1.1,204,-0.5485491913522997,-,0.0,1.4448704426006143,localhost,172.18.0.8:8000,204,-0.5258205875554515,-0.5255689313177866,7.806482977025456,-0.4692144763295556,-0.25012610341281105,-1.7071901303791386,0.0,-0.16828640022295327,-0.2232721403445533,-0.5359907308617213,-0.08749572785196141,-0.06907237049944219,-0.9636241116594317,-0.10274542267662386,-0.2436311491187561,-0.15594571538795135,2.7371400190474304,-0.28479611930078774,-0.06175075210944388,0.2925183931127722,-0.9817420805766498,-0.06907237049945344,-0.06907237049944052,0.0,-0.05299749805499318,1.4210854715202004e-14,-9.244463733058732e-33,0.0,0.0,-1
2024-10-26 10:54:47+00:00,HTTP/1.1,204,-0.5485491913522997,-,0.0,1.5933441964043462,localhost,172.18.0.8:8000,204,-0.4846523992371355,-0.48480753358802403,7.806482977025456,-0.4692144763295556,-0.25012610341281105,-1.7071901303791386,0.0,-0.16828640022295327,-0.2232721403445533,-0.5359907308617213,-0.08749572785196141,-0.06907237049944219,-0.9636241116594317,-0.10274542267662386,-0.2436311491187561,-0.15594571538795135,2.7371400190474304,-0.28479611930078774,-0.06175075210944388,0.2925183931127722,-0.9817420805766498,-0.06907237049945344,-0.06907237049944052,0.0,-0.05399173225153527,1.4210854715202004e-14,-9.244463733058732e-33,0.0,0.0,-1
2024-10-26 10:55:22+00:00,HTTP/1.1,204,-0.5485491913522997,-,0.0,-1.375649603320847,localhost,172.18.0.7:8000,204,-0.5282906788545504,-0.5284510503491839,7.806482977025456,-0.4692144763295556,-0.25012610341281105,-1.7071901303791386,0.0,-0.16828640022295327,-0.2232721403445533,-0.5359907308617213,-0.08749572785196141,-0.06907237049944219,-0.9636241116594317,-0.10274542267662386,-0.2436311491187561,-0.15594571538795135,2.7371400190474304,-0.28479611930078774,-0.06175075210944388,0.2925183931127722,-0.9817420805766498,-0.06907237049945344,-0.06907237049944052,0.0,-0.05399173225153527,1.4210854715202004e-14,-9.244463733058732e-33,0.0,0.0,-1
2024-10-26 10:55:23+00:00,HTTP/1.1,204,-0.5485491913522997,-,0.0,-1.3751683269714021,localhost,172.18.0.8:8000,204,-0.5328191795695651,-0.5333918258315793,7.806482977025456,-0.4692144763295556,-0.25012610341281105,-1.7071901303791386,0.0,-0.16828640022295327,-0.2232721403445533,-0.5359907308617213,-0.08749572785196141,-0.06907237049944219,-0.9636241116594317,-0.10274542267662386,-0.2436311491187561,-0.15594571538795135,2.7371400190474304,-0.28479611930078774,-0.06175075210944388,0.2925183931127722,-0.9817420805766498,-0.06907237049945344,-0.06907237049944052,0.0,-0.05399173225153527,1.4210854715202004e-14,-9.244463733058732e-33,0.0,0.0,-1
2024-10-26 10:55:39+00:00,HTTP/1.1,204,-0.5485491913522997,-,0.0,-0.9025549518165732,localhost,172.18.0.7:8000,204,-0.4714785789752744,-0.4716321323016361,7.806482977025456,-0.4692144763295556,-0.25012610341281105,-1.7071901303791386,0.0,-0.16828640022295327,-0.2232721403445533,-0.5359907308617213,-0.08749572785196141,-0.06907237049944219,-0.9636241116594317,-0.10274542267662386,-0.2436311491187561,-0.15594571538795135,2.7371400190474304,-0.28479611930078774,-0.06175075210944388,0.2925183931127722,-0.9817420805766498,-0.06907237049945344,-0.06907237049944052,0.0,-0.05448884934980632,1.4210854715202004e-14,-9.244463733058732e-33,0.0,0.0,-1
2024-10-26 10:59:12+00:00,HTTP/1.1,200,-0.09603183746522914,http://localhost/admin/userManager/customuser/,0.0,-0.5442447096548928,localhost,172.18.0.6:8000,200,-0.15489521080742538,-0.1550107701381271,-0.12809865888941385,2.1312215424863497,-0.25012610341281105,-1.7071901303791386,0.0,-0.16828640022295327,4.4788391353117385,-0.5359907308617213,-0.08749572785196141,-0.06907237049944219,-0.9636241116594317,-0.10274542267662386,-0.2436311491187561,-0.15594571538795135,-0.36534484646058274,3.5112837999869266,-0.06175075210944388,-3.418588449631194,-0.9817420805766498,-0.06907237049945344,-0.06907237049944052,0.0,-0.04852344417055375,1.4210854715202004e-14,-9.244463733058732e-33,0.0,0.0,-1
2024-10-26 10:59:30+00:00,HTTP/1.1,200,-0.22724792368457788,http://localhost/admin/userManager/customuser/,0.0,1.0451704343866781,localhost,172.18.0.8:8000,200,-0.06967706098851144,-0.0697823930668054,-0.12809865888941385,-0.4692144763295556,-0.25012610341281105,0.5857578381020258,0.0,-0.16828640022295327,4.4788391353117385,-0.5359907308617213,-0.08749572785196141,-0.06907237049944219,-0.9636241116594317,-0.10274542267662386,-0.2436311491187561,-0.15594571538795135,-0.36534484646058274,3.5112837999869266,-0.06175075210944388,-3.418588449631194,-0.9817420805766498,-0.06907237049945344,-0.06907237049944052,0.0,-0.04554074158092746,1.4210854715202004e-14,-9.244463733058732e-33,0.0,0.0,-1
2024-10-26 10:59:33+00:00,HTTP/1.1,302,-0.5485491913522997,http://localhost/admin/userManager/customuser/,0.0,1.0451704343866781,localhost,172.18.0.6:8000,302,-0.09643638339541673,-0.09654492692978078,-0.12809865888941385,-0.4692144763295556,-0.25012610341281105,0.5857578381020258,0.0,-0.16828640022295327,4.4788391353117385,-0.5359907308617213,-0.08749572785196141,-0.06907237049944219,-0.9636241116594317,-0.10274542267662386,-0.2436311491187561,-0.15594571538795135,-0.36534484646058274,3.5112837999869266,-0.06175075210944388,-3.418588449631194,-0.9817420805766498,-0.06907237049945344,-0.06907237049944052,0.0,-0.05299749805499318,1.4210854715202004e-14,-9.244463733058732e-33,0.0,0.0,-1
2024-10-26 10:59:34+00:00,HTTP/1.1,200,-0.2606757201240831,http://localhost/admin/userManager/customuser/,0.0,1.0451704343866781,localhost,172.18.0.7:8000,200,-0.3434455133053121,-0.3435837010495538,-0.12809865888941385,2.1312215424863497,-0.25012610341281105,-1.7071901303791386,0.0,-0.16828640022295327,4.4788391353117385,-0.5359907308617213,-0.08749572785196141,-0.06907237049944219,-0.9636241116594317,-0.10274542267662386,-0.2436311491187561,-0.15594571538795135,-0.36534484646058274,3.5112837999869266,-0.06175075210944388,-3.418588449631194,-0.9817420805766498,-0.06907237049945344,-0.06907237049944052,0.0,-0.05399173225153527,1.4210854715202004e-14,-9.244463733058732e-33,0.0,0.0,-1
2024-10-26 10:59:34+00:00,HTTP/1.1,200,-0.5121359919713262,http://localhost/admin/userManager/customuser/,0.0,1.0463736252602902,localhost,172.18.0.8:8000,200,-0.5056481752794766,-0.5058058293882047,-0.12809865888941385,2.1312215424863497,-0.25012610341281105,-1.7071901303791386,0.0,5.94225082166566,-0.2232721403445533,-0.5359907308617213,-0.08749572785196141,-0.06907237049944219,-0.9636241116594317,-0.10274542267662386,-0.2436311491187561,-0.15594571538795135,-0.36534484646058274,3.5112837999869266,-0.06175075210944388,-3.418588449631194,-0.9817420805766498,-0.06907237049945344,-0.06907237049944052,0.0,-0.05448884934980632,1.4210854715202004e-14,-9.244463733058732e-33,0.0,0.0,-1
2024-10-26 11:02:13+00:00,HTTP/1.1,200,-0.5121359919713262,http://localhost/admin/userManager/customuser/,0.0,1.4046838674219704,localhost,172.18.0.8:8000,200,-0.5632836389251189,-0.5638599413063513,-0.12809865888941385,2.1312215424863497,-0.25012610341281105,-1.7071901303791386,0.0,5.94225082166566,-0.2232721403445533,-0.5359907308617213,-0.08749572785196141,-0.06907237049944219,-0.9636241116594317,-0.10274542267662386,-0.2436311491187561,-0.15594571538795135,-0.36534484646058274,3.5112837999869266,-0.06175075210944388,-3.418588449631194,-0.5293243953043468,-0.06907237049945344,-0.06907237049944052,0.0,-0.05448884934980632,1.4210854715202004e-14,-9.244463733058732e-33,0.0,0.0,-1
2024-10-26 11:02:26+00:00,HTTP/1.1,200,-0.2094989405033673,http://localhost/admin/userManager/customuser/,0.0,1.4046838674219704,localhost,172.18.0.6:8000,200,-0.3335651481089163,-0.3337021500847629,-0.12809865888941385,-0.4692144763295556,-0.25012610341281105,0.5857578381020258,0.0,-0.16828640022295327,4.4788391353117385,-0.5359907308617213,-0.08749572785196141,-0.06907237049944219,-0.9636241116594317,-0.10274542267662386,-0.2436311491187561,-0.15594571538795135,-0.36534484646058274,3.5112837999869266,-0.06175075210944388,-3.418588449631194,-0.5293243953043468,-0.06907237049945344,-0.06907237049944052,0.0,-0.0480263270722827,1.4210854715202004e-14,-9.244463733058732e-33,0.0,0.0,-1
2024-10-26 11:02:29+00:00,HTTP/1.1,302,-0.5485491913522997,http://localhost/admin/userManager/customuser/,0.0,1.4046838674219704,localhost,172.18.0.7:8000,302,-0.205943764322137,-0.20606545012288016,-0.12809865888941385,-0.4692144763295556,-0.25012610341281105,0.5857578381020258,0.0,-0.16828640022295327,4.4788391353117385,-0.5359907308617213,-0.08749572785196141,-0.06907237049944219,-0.9636241116594317,-0.10274542267662386,-0.2436311491187561,-0.15594571538795135,-0.36534484646058274,3.5112837999869266,-0.06175075210944388,-3.418588449631194,-0.5293243953043468,-0.06907237049945344,-0.06907237049944052,0.0,-0.05299749805499318,1.4210854715202004e-14,-9.244463733058732e-33,0.0,0.0,-1
2024-10-26 11:02:30+00:00,HTTP/1.1,200,-0.5121359919713262,http://localhost/admin/userManager/customuser/,0.0,1.4046838674219704,localhost,172.18.0.6:8000,200,-0.5513448643128073,-0.5515080026003627,-0.12809865888941385,2.1312215424863497,-0.25012610341281105,-1.7071901303791386,0.0,5.94225082166566,-0.2232721403445533,-0.5359907308617213,-0.08749572785196141,-0.06907237049944219,-0.9636241116594317,-0.10274542267662386,-0.2436311491187561,-0.15594571538795135,-0.36534484646058274,3.5112837999869266,-0.06175075210944388,-3.418588449631194,-0.5293243953043468,-0.06907237049945344,-0.06907237049944052,0.0,-0.05399173225153527,1.4210854715202004e-14,-9.244463733058732e-33,0.0,0.0,-1
2024-10-26 11:12:10+00:00,HTTP/1.1,200,-0.2661017444483574,http://localhost/admin/userManager/customuser/,0.0,-1.215143940780994,localhost,172.18.0.6:8000,200,-0.29816050615516465,-0.2982932591275954,-0.12809865888941385,2.1312215424863497,-0.25012610341281105,-1.7071901303791386,0.0,-0.16828640022295327,4.4788391353117385,-0.5359907308617213,-0.08749572785196141,-0.06907237049944219,-0.9636241116594317,-0.10274542267662386,-0.2436311491187561,-0.15594571538795135,-0.36534484646058274,3.5112837999869266,-0.06175075210944388,-3.418588449631194,-0.5293243953043468,-0.06907237049945344,-0.06907237049944052,0.0,0.1746821329531467,1.4210854715202004e-14,-9.244463733058732e-33,0.0,0.0,-1
2024-10-26 11:17:41+00:00,HTTP/1.1,200,-0.3013709025561405,http://localhost/admin/userManager/customuser/,0.0,-0.45304284143509627,localhost,172.18.0.6:8000,200,-0.3632062436981037,-0.362935071688936,-0.12809865888941385,-0.4692144763295556,-0.25012610341281105,0.5857578381020258,0.0,-0.16828640022295327,4.4788391353117385,-0.5359907308617213,-0.08749572785196141,-0.06907237049944219,-0.9636241116594317,-0.10274542267662386,-0.2436311491187561,-0.15594571538795135,-0.36534484646058274,3.5112837999869266,-0.06175075210944388,-3.418588449631194,-0.5293243953043468,-0.06907237049945344,-0.06907237049944052,0.0,0.042946101911319035,1.4210854715202004e-14,-9.244463733058732e-33,0.0,0.0,-1
2024-10-26 11:17:44+00:00,HTTP/1.1,200,-0.5121359919713262,http://localhost/admin/userManager/customuser/,0.0,-0.45304284143509627,localhost,172.18.0.6:8000,200,-0.41960666169419647,-0.4197539897364838,-0.12809865888941385,2.1312215424863497,-0.25012610341281105,-1.7071901303791386,0.0,5.94225082166566,-0.2232721403445533,-0.5359907308617213,-0.08749572785196141,-0.06907237049944219,-0.9636241116594317,-0.10274542267662386,-0.2436311491187561,-0.15594571538795135,-0.36534484646058274,3.5112837999869266,-0.06175075210944388,-3.418588449631194,-0.5293243953043468,-0.06907237049945344,-0.06907237049944052,0.0,-0.05448884934980632,1.4210854715202004e-14,-9.244463733058732e-33,0.0,0.0,-1
2024-10-26 11:23:22+00:00,HTTP/1.1,200,-0.2042908288025578,http://localhost/admin/userManager/customuser/,0.0,-1.4918778417117748,localhost,172.18.0.6:8000,200,-0.5138818129431398,-0.5140404551921971,-0.12809865888941385,2.1312215424863497,-0.25012610341281105,-1.7071901303791386,0.0,-0.16828640022295327,4.4788391353117385,-0.5359907308617213,-0.08749572785196141,-0.06907237049944219,-0.9636241116594317,-0.10274542267662386,-0.2436311491187561,-0.15594571538795135,-0.36534484646058274,3.5112837999869266,-0.06175075210944388,-3.418588449631194,-0.5293243953043468,-0.06907237049945344,-0.06907237049944052,0.0,-0.03062722863279603,1.4210854715202004e-14,-9.244463733058732e-33,0.0,0.0,-1
2024-10-26 11:23:31+00:00,HTTP/1.1,200,-0.3071455870779585,http://localhost/admin/userManager/customuser/,0.0,-1.4918778417117748,localhost,172.18.0.8:8000,200,-0.38132024655816266,-0.381462979747919,-0.12809865888941385,-0.4692144763295556,-0.25012610341281105,0.5857578381020258,0.0,-0.16828640022295327,4.4788391353117385,-0.5359907308617213,-0.08749572785196141,-0.06907237049944219,-0.9636241116594317,-0.10274542267662386,-0.2436311491187561,-0.15594571538795135,-0.36534484646058274,3.5112837999869266,-0.06175075210944388,-3.418588449631194,-0.5293243953043468,-0.06907237049945344,-0.06907237049944052,0.0,-0.05051191256363794,1.4210854715202004e-14,-9.244463733058732e-33,0.0,0.0,-1
2024-10-26 11:23:33+00:00,HTTP/1.1,302,-0.5485491913522997,http://localhost/admin/userManager/customuser/,0.0,1.5225965730359552,localhost,172.18.0.6:8000,302,-0.2812815489446551,-0.28141227622941095,-0.12809865888941385,-0.4692144763295556,-0.25012610341281105,0.5857578381020258,0.0,-0.16828640022295327,4.4788391353117385,-0.5359907308617213,-0.08749572785196141,-0.06907237049944219,-0.9636241116594317,-0.10274542267662386,-0.2436311491187561,-0.15594571538795135,-0.36534484646058274,3.5112837999869266,-0.06175075210944388,-3.418588449631194,-0.5293243953043468,-0.06907237049945344,-0.06907237049944052,0.0,-0.05349461515326423,1.4210854715202004e-14,-9.244463733058732e-33,0.0,0.0,-1
2024-10-26 11:23:34+00:00,HTTP/1.1,200,-0.5121359919713262,http://localhost/admin/userManager/customuser/,0.0,1.5225965730359552,localhost,172.18.0.8:8000,200,-0.5624602751587526,-0.5622130161455529,-0.12809865888941385,2.1312215424863497,-0.25012610341281105,-1.7071901303791386,0.0,5.94225082166566,-0.2232721403445533,-0.5359907308617213,-0.08749572785196141,-0.06907237049944219,-0.9636241116594317,-0.10274542267662386,-0.2436311491187561,-0.15594571538795135,-0.36534484646058274,3.5112837999869266,-0.06175075210944388,-3.418588449631194,-0.5293243953043468,-0.06907237049945344,-0.06907237049944052,0.0,-0.05448884934980632,1.4210854715202004e-14,-9.244463733058732e-33,0.0,0.0,-1
2024-10-26 11:31:17+00:00,HTTP/1.1,200,-0.19652224377603653,http://localhost/admin/userManager/customuser/,0.0,1.026641294933052,localhost,172.18.0.7:8000,200,-0.4266052537083101,-0.42675342166987734,-0.12809865888941385,2.1312215424863497,-0.25012610341281105,-1.7071901303791386,0.0,-0.16828640022295327,4.4788391353117385,-0.5359907308617213,-0.08749572785196141,-0.06907237049944219,-0.9636241116594317,-0.10274542267662386,-0.2436311491187561,-0.15594571538795135,-0.36534484646058274,3.5112837999869266,-0.06175075210944388,-3.418588449631194,-0.5293243953043468,-0.06907237049945344,-0.06907237049944052,0.0,0.030518174454542843,1.4210854715202004e-14,-9.244463733058732e-33,0.0,0.0,-1
2024-10-26 14:41:48+00:00,HTTP/1.1,200,-0.2125170303383552,http://localhost/admin/userManager/customuser/,0.0,0.38654375017142006,localhost,172.18.0.6:8000,200,-0.288691822841952,-0.2884117081628045,-0.12809865888941385,2.1312215424863497,-0.25012610341281105,-1.7071901303791386,0.0,-0.16828640022295327,4.4788391353117385,-0.5359907308617213,-0.08749572785196141,-0.06907237049944219,-0.9636241116594317,-0.10274542267662386,-0.2436311491187561,-0.15594571538795135,-0.36534484646058274,3.5112837999869266,-0.06175075210944388,-3.418588449631194,0.8279286605125623,-0.06907237049945344,-0.06907237049944052,0.0,5.375024097966577,1.4210854715202004e-14,-9.244463733058732e-33,0.0,0.0,-1
2024-10-26 14:41:48+00:00,HTTP/1.1,200,-0.5121359919713262,http://localhost/admin/userManager/customuser/,0.0,0.38654375017142006,localhost,172.18.0.7:8000,200,-0.4031393863668701,-0.40328473812849897,-0.12809865888941385,2.1312215424863497,-0.25012610341281105,-1.7071901303791386,0.0,5.94225082166566,-0.2232721403445533,-0.5359907308617213,-0.08749572785196141,-0.06907237049944219,-0.9636241116594317,-0.10274542267662386,-0.2436311491187561,-0.15594571538795135,-0.36534484646058274,3.5112837999869266,-0.06175075210944388,-3.418588449631194,0.8279286605125623,-0.06907237049945344,-0.06907237049944052,0.0,-0.05448884934980632,1.4210854715202004e-14,-9.244463733058732e-33,0.0,0.0,-1
2024-10-26 14:44:05+00:00,HTTP/1.1,200,-0.3154589536631419,http://localhost/admin/userManager/customuser/,0.0,-1.3376287717147048,localhost,172.18.0.8:8000,200,-0.2985721880383478,-0.2987049904177951,-0.12809865888941385,-0.4692144763295556,-0.25012610341281105,0.5857578381020258,0.0,-0.16828640022295327,4.4788391353117385,-0.5359907308617213,-0.08749572785196141,-0.06907237049944219,-0.9636241116594317,-0.10274542267662386,-0.2436311491187561,-0.15594571538795135,-0.36534484646058274,3.5112837999869266,-0.06175075210944388,-3.418588449631194,0.8279286605125623,-0.06907237049945344,-0.06907237049944052,0.0,0.01361619311332722,1.4210854715202004e-14,-9.244463733058732e-33,0.0,0.0,-1
2024-10-26 14:44:07+00:00,HTTP/1.1,302,-0.5485491913522997,http://localhost/admin/userManager/customuser/,0.0,-1.3376287717147048,localhost,172.18.0.6:8000,302,-0.3525025147353416,-0.335760806535761,-0.12809865888941385,-0.4692144763295556,-0.25012610341281105,0.5857578381020258,0.0,-0.16828640022295327,4.4788391353117385,-0.5359907308617213,-0.08749572785196141,-0.06907237049944219,-0.9636241116594317,-0.10274542267662386,-0.2436311491187561,-0.15594571538795135,-0.36534484646058274,3.5112837999869266,-0.06175075210944388,-3.418588449631194,0.8279286605125623,-0.06907237049945344,-0.06907237049944052,0.0,-0.05349461515326423,1.4210854715202004e-14,-9.244463733058732e-33,0.0,0.0,-1
2024-10-26 14:56:18+00:00,HTTP/1.1,200,-0.17348887947580377,http://localhost/admin/userManager/customuser/,0.0,-0.45881815762843425,localhost,172.18.0.7:8000,200,-0.27592968446327404,-0.2760597694568158,-0.12809865888941385,2.1312215424863497,-0.25012610341281105,-1.7071901303791386,0.0,-0.16828640022295327,4.4788391353117385,-0.5359907308617213,-0.08749572785196141,-0.06907237049944219,-0.9636241116594317,-0.10274542267662386,-0.2436311491187561,-0.15594571538795135,-0.36534484646058274,3.5112837999869266,-0.06175075210944388,-3.418588449631194,0.8279286605125623,-0.06907237049945344,-0.06907237049944052,0.0,-0.04056957059821699,1.4210854715202004e-14,-9.244463733058732e-33,0.0,0.0,-1
2024-10-26 14:56:19+00:00,HTTP/1.1,200,-0.5121359919713262,http://localhost/admin/userManager/customuser/,0.0,-0.45881815762843425,localhost,172.18.0.8:8000,200,-0.4949444463167144,-0.4955125471332142,-0.12809865888941385,2.1312215424863497,-0.25012610341281105,-1.7071901303791386,0.0,5.94225082166566,-0.2232721403445533,-0.5359907308617213,-0.08749572785196141,-0.06907237049944219,-0.9636241116594317,-0.10274542267662386,-0.2436311491187561,-0.15594571538795135,-0.36534484646058274,3.5112837999869266,-0.06175075210944388,-3.418588449631194,0.8279286605125623,-0.06907237049945344,-0.06907237049944052,0.0,-0.05399173225153527,1.4210854715202004e-14,-9.244463733058732e-33,0.0,0.0,-1
2024-10-26 14:56:28+00:00,HTTP/1.1,302,-0.5485491913522997,http://localhost/admin/userManager/customuser/,0.0,-0.4583368812789894,localhost,172.18.0.7:8000,302,-0.4064328414323354,-0.4065785884500959,-0.12809865888941385,-0.4692144763295556,-0.25012610341281105,0.5857578381020258,0.0,-0.16828640022295327,4.4788391353117385,-0.5359907308617213,-0.08749572785196141,-0.06907237049944219,-0.9636241116594317,-0.10274542267662386,-0.2436311491187561,-0.15594571538795135,-0.36534484646058274,3.5112837999869266,-0.06175075210944388,-3.418588449631194,0.8279286605125623,-0.06907237049945344,-0.06907237049944052,0.0,-0.05349461515326423,1.4210854715202004e-14,-9.244463733058732e-33,0.0,0.0,-1
2024-10-26 14:56:29+00:00,HTTP/1.1,200,-0.5121359919713262,http://localhost/admin/userManager/customuser/,0.0,-0.4583368812789894,localhost,172.18.0.6:8000,200,-0.4278402993578596,-0.4279886155404763,-0.12809865888941385,2.1312215424863497,-0.25012610341281105,-1.7071901303791386,0.0,5.94225082166566,-0.2232721403445533,-0.5359907308617213,-0.08749572785196141,-0.06907237049944219,-0.9636241116594317,-0.10274542267662386,-0.2436311491187561,-0.15594571538795135,-0.36534484646058274,3.5112837999869266,-0.06175075210944388,-3.418588449631194,0.8279286605125623,-0.06907237049945344,-0.06907237049944052,0.0,-0.05448884934980632,1.4210854715202004e-14,-9.244463733058732e-33,0.0,0.0,-1
2024-10-26 15:07:19+00:00,HTTP/1.1,204,-0.5485491913522997,-,0.0,-1.1812139581451333,localhost,172.18.0.6:8000,204,-0.18741807957889492,-0.1875375420638972,7.806482977025456,-0.4692144763295556,-0.25012610341281105,-1.7071901303791386,0.0,-0.16828640022295327,-0.2232721403445533,-0.5359907308617213,-0.08749572785196141,-0.06907237049944219,-0.9636241116594317,-0.10274542267662386,-0.2436311491187561,-0.15594571538795135,2.7371400190474304,-0.28479611930078774,-0.06175075210944388,0.2925183931127722,1.2803463457848654,-0.06907237049945344,-0.06907237049944052,0.0,-0.05448884934980632,1.4210854715202004e-14,-9.244463733058732e-33,0.0,0.0,-1
2024-10-26 15:07:19+00:00,HTTP/1.1,204,-0.5485491913522997,-,0.0,-1.1751980037770728,localhost,172.18.0.8:8000,204,-0.4760070796902892,-0.47657290778403155,7.806482977025456,-0.4692144763295556,-0.25012610341281105,-1.7071901303791386,0.0,-0.16828640022295327,-0.2232721403445533,-0.5359907308617213,-0.08749572785196141,-0.06907237049944219,-0.9636241116594317,-0.10274542267662386,-0.2436311491187561,-0.15594571538795135,2.7371400190474304,-0.28479611930078774,-0.06175075210944388,0.2925183931127722,1.2803463457848654,-0.06907237049945344,-0.06907237049944052,0.0,-0.05448884934980632,1.4210854715202004e-14,-9.244463733058732e-33,0.0,0.0,-1
2024-10-26 15:07:19+00:00,HTTP/1.1,404,-0.36200509003523007,-,0.0,-1.1768824710001298,localhost,172.18.0.6:8000,404,-0.20265030925667174,-0.20277159980128318,-0.12809865888941385,-0.4692144763295556,3.9979833626144483,-1.7071901303791386,0.0,-0.16828640022295327,-0.2232721403445533,-0.5359907308617213,-0.08749572785196141,-0.06907237049944219,-0.9636241116594317,-0.10274542267662386,-0.2436311491187561,6.412487816752559,-0.36534484646058274,-0.28479611930078774,-0.06175075210944388,0.2925183931127722,1.2803463457848654,-0.06907237049945344,-0.06907237049944052,0.0,-0.05448884934980632,1.4210854715202004e-14,-9.244463733058732e-33,0.0,0.0,-1
2024-10-26 15:09:53+00:00,HTTP/1.1,200,-0.5448446767533975,-,0.0,1.301450090466053,127.0.0.1,172.18.0.6:8000,200,-0.5785158686028957,-0.5786822677535377,-0.12809865888941385,-0.4692144763295556,-0.25012610341281105,0.5857578381020258,0.0,-0.16828640022295327,-0.2232721403445533,-0.5359907308617213,-0.08749572785196141,-0.06907237049944219,-0.9636241116594317,9.732793675367457,-0.2436311491187561,-0.15594571538795135,-0.36534484646058274,-0.28479611930078774,16.194134740701653,-3.418588449631194,1.2803463457848654,-0.06907237049945344,-0.06907237049944052,0.0,0.015107544408140362,1.4210854715202004e-14,-9.244463733058732e-33,0.0,0.0,-1
2024-10-26 15:09:53+00:00,HTTP/1.1,200,-0.543831383054286,-,0.0,1.301450090466053,127.0.0.1,172.18.0.7:8000,200,-0.5447579541818767,-0.5449203019571688,-0.12809865888941385,2.1312215424863497,-0.25012610341281105,-1.7071901303791386,0.0,-0.16828640022295327,-0.2232721403445533,-0.5359907308617213,-0.08749572785196141,-0.06907237049944219,-0.9636241116594317,-0.10274542267662386,-0.2436311491187561,-0.15594571538795135,2.7371400190474304,-0.28479611930078774,16.194134740701653,-3.418588449631194,1.2803463457848654,-0.06907237049945344,-0.06907237049944052,0.0,-0.05448884934980632,1.4210854715202004e-14,-9.244463733058732e-33,0.0,0.0,-1
2024-10-26 15:11:04+00:00,HTTP/1.1,204,-0.5485491913522997,-,0.0,1.683583511925253,localhost,172.18.0.7:8000,204,-0.5365243165182135,-0.537097407443376,7.806482977025456,-0.4692144763295556,-0.25012610341281105,-1.7071901303791386,0.0,-0.16828640022295327,-0.2232721403445533,-0.5359907308617213,-0.08749572785196141,-0.06907237049944219,-0.9636241116594317,-0.10274542267662386,-0.2436311491187561,-0.15594571538795135,2.7371400190474304,-0.28479611930078774,-0.06175075210944388,0.2925183931127722,1.2803463457848654,-0.06907237049945344,-0.06907237049944052,0.0,-0.05399173225153527,1.4210854715202004e-14,-9.244463733058732e-33,0.0,0.0,-1
2024-10-26 15:12:26+00:00,HTTP/1.1,204,-0.5485491913522997,-,0.0,-0.881138154266278,localhost,172.18.0.7:8000,204,-0.5562850469110052,-0.5564487780827582,7.806482977025456,-0.4692144763295556,-0.25012610341281105,-1.7071901303791386,0.0,-0.16828640022295327,-0.2232721403445533,-0.5359907308617213,-0.08749572785196141,-0.06907237049944219,-0.9636241116594317,-0.10274542267662386,-0.2436311491187561,-0.15594571538795135,2.7371400190474304,-0.28479611930078774,-0.06175075210944388,0.2925183931127722,1.2803463457848654,-0.06907237049945344,-0.06907237049944052,0.0,-0.05001479546536689,1.4210854715202004e-14,-9.244463733058732e-33,0.0,0.0,-1
2024-10-26 15:12:28+00:00,HTTP/1.1,204,-0.5485491913522997,-,0.0,-0.8806568779168331,localhost,172.18.0.8:8000,204,-0.5159402223590557,-0.5156873803529957,7.806482977025456,-0.4692144763295556,-0.25012610341281105,-1.7071901303791386,0.0,-0.16828640022295327,-0.2232721403445533,-0.5359907308617213,-0.08749572785196141,-0.06907237049944219,-0.9636241116594317,-0.10274542267662386,-0.2436311491187561,-0.15594571538795135,2.7371400190474304,-0.28479611930078774,-0.06175075210944388,0.2925183931127722,1.2803463457848654,-0.06907237049945344,-0.06907237049944052,0.0,-0.05349461515326423,1.4210854715202004e-14,-9.244463733058732e-33,0.0,0.0,-1
2024-10-26 15:17:02+00:00,HTTP/1.1,204,-0.5485491913522997,-,0.0,0.8273928862628898,localhost,172.18.0.6:8000,204,-0.5464046817146093,-0.5469789584081669,7.806482977025456,-0.4692144763295556,-0.25012610341281105,-1.7071901303791386,0.0,-0.16828640022295327,-0.2232721403445533,-0.5359907308617213,-0.08749572785196141,-0.06907237049944219,-0.9636241116594317,-0.10274542267662386,-0.2436311491187561,-0.15594571538795135,2.7371400190474304,-0.28479611930078774,-0.06175075210944388,0.2925183931127722,1.2803463457848654,-0.06907237049945344,-0.06907237049944052,0.0,-0.05250038095672213,1.4210854715202004e-14,-9.244463733058732e-33,0.0,0.0,-1
2024-10-26 15:18:16+00:00,HTTP/1.1,204,-0.5485491913522997,-,0.0,1.2848460564102064,localhost,172.18.0.7:8000,204,-0.5476397273641589,-0.5473906896983665,7.806482977025456,-0.4692144763295556,-0.25012610341281105,-1.7071901303791386,0.0,-0.16828640022295327,-0.2232721403445533,-0.5359907308617213,-0.08749572785196141,-0.06907237049944219,-0.9636241116594317,-0.10274542267662386,-0.2436311491187561,-0.15594571538795135,2.7371400190474304,-0.28479611930078774,-0.06175075210944388,0.2925183931127722,1.2803463457848654,-0.06907237049945344,-0.06907237049944052,0.0,-0.05299749805499318,1.4210854715202004e-14,-9.244463733058732e-33,0.0,0.0,-1
2024-10-26 15:23:00+00:00,HTTP/1.1,200,-0.5121359919713262,http://localhost/admin/userManager/customuser/,0.0,0.9443430391779848,localhost,172.18.0.7:8000,200,-0.5801625961356284,-0.5803291929143363,-0.12809865888941385,2.1312215424863497,-0.25012610341281105,-1.7071901303791386,0.0,5.94225082166566,-0.2232721403445533,-0.5359907308617213,-0.08749572785196141,-0.06907237049944219,-0.9636241116594317,-0.10274542267662386,-0.2436311491187561,-0.15594571538795135,-0.36534484646058274,3.5112837999869266,-0.06175075210944388,-3.418588449631194,1.2803463457848654,-0.06907237049945344,-0.06907237049944052,0.0,-0.05448884934980632,1.4210854715202004e-14,-9.244463733058732e-33,0.0,0.0,-1
2024-10-26 15:26:46+00:00,HTTP/1.1,200,-0.5121359919713262,http://localhost/admin/userManager/customuser/,0.0,1.3125194465032843,localhost,172.18.0.7:8000,200,-0.4735369883911902,-0.47369078875263415,-0.12809865888941385,2.1312215424863497,-0.25012610341281105,-1.7071901303791386,0.0,5.94225082166566,-0.2232721403445533,-0.5359907308617213,-0.08749572785196141,-0.06907237049944219,-0.9636241116594317,-0.10274542267662386,-0.2436311491187561,-0.15594571538795135,-0.36534484646058274,3.5112837999869266,-0.06175075210944388,-3.418588449631194,1.2803463457848654,-0.06907237049945344,-0.06907237049944052,0.0,-0.05448884934980632,1.4210854715202004e-14,-9.244463733058732e-33,0.0,0.0,-1
2024-10-26 18:00:44+00:00,HTTP/1.1,200,-0.2041600812284789,http://localhost/admin/userManager/customuser/,0.0,0.4134952257403309,localhost,172.18.0.6:8000,200,0.12216669657484054,0.12208438816621826,-0.12809865888941385,2.1312215424863497,-0.25012610341281105,-1.7071901303791386,0.0,-0.16828640022295327,4.4788391353117385,-0.5359907308617213,-0.08749572785196141,-0.06907237049944219,-0.9636241116594317,-0.10274542267662386,-0.2436311491187561,-0.15594571538795135,-0.36534484646058274,3.5112837999869266,-0.06175075210944388,-3.418588449631194,2.6375994016017748,-0.06907237049945344,-0.06907237049944052,0.0,4.531416382200609,1.4210854715202004e-14,-9.244463733058732e-33,0.0,0.0,-1
2024-10-26 18:00:45+00:00,HTTP/1.1,200,-0.5121359919713262,http://localhost/admin/userManager/customuser/,0.0,0.41566096931283264,localhost,172.18.0.6:8000,200,-0.49206267313443236,-0.49180696552141756,-0.12809865888941385,2.1312215424863497,-0.25012610341281105,-1.7071901303791386,0.0,5.94225082166566,-0.2232721403445533,-0.5359907308617213,-0.08749572785196141,-0.06907237049944219,-0.9636241116594317,-0.10274542267662386,-0.2436311491187561,-0.15594571538795135,-0.36534484646058274,3.5112837999869266,-0.06175075210944388,-3.418588449631194,2.6375994016017748,-0.06907237049945344,-0.06907237049944052,0.0,-0.05399173225153527,1.4210854715202004e-14,-9.244463733058732e-33,0.0,0.0,-1
2024-10-27 08:41:27+00:00,HTTP/1.1,200,-0.2041600812284789,http://localhost/admin/userManager/customuser/,0.0,0.37018035429029567,localhost,172.18.0.6:8000,200,-0.25452222653774975,-0.2546497423664355,-0.12809865888941385,2.1312215424863497,-0.25012610341281105,-1.7071901303791386,0.0,-0.16828640022295327,4.4788391353117385,-0.5359907308617213,-0.08749572785196141,-0.06907237049944219,-0.9636241116594317,-0.10274542267662386,-0.2436311491187561,-0.15594571538795135,-0.36534484646058274,3.5112837999869266,-0.06175075210944388,-3.418588449631194,-1.8865774511212559,14.477568856683074,14.477568856683087,0.0,26.2141728574889,1.4210854715202004e-14,-9.244463733058732e-33,0.0,0.0,-1
2024-10-27 08:41:34+00:00,HTTP/1.1,200,-0.2041600812284789,http://localhost/admin/userManager/customuser/,0.0,0.37018035429029567,localhost,172.18.0.7:8000,200,0.034066773573644585,0.033973892063499246,-0.12809865888941385,2.1312215424863497,-0.25012610341281105,-1.7071901303791386,0.0,-0.16828640022295327,4.4788391353117385,-0.5359907308617213,-0.08749572785196141,-0.06907237049944219,-0.9636241116594317,-0.10274542267662386,-0.2436311491187561,-0.15594571538795135,-0.36534484646058274,3.5112837999869266,-0.06175075210944388,-3.418588449631194,-1.8865774511212559,14.477568856683074,14.477568856683087,0.0,-0.05100902966190899,1.4210854715202004e-14,-9.244463733058732e-33,0.0,0.0,-1
2024-10-27 08:41:35+00:00,HTTP/1.1,200,-0.5121359919713262,http://localhost/admin/userManager/customuser/,0.0,-1.3708368398263986,localhost,172.18.0.6:8000,200,-0.3932590211704743,-0.39340318716370803,-0.12809865888941385,2.1312215424863497,-0.25012610341281105,-1.7071901303791386,0.0,5.94225082166566,-0.2232721403445533,-0.5359907308617213,-0.08749572785196141,-0.06907237049944219,-0.9636241116594317,-0.10274542267662386,-0.2436311491187561,-0.15594571538795135,-0.36534484646058274,3.5112837999869266,-0.06175075210944388,-3.418588449631194,-1.8865774511212559,14.477568856683074,14.477568856683087,0.0,-0.05399173225153527,1.4210854715202004e-14,-9.244463733058732e-33,0.0,0.0,-1
2024-10-27 18:36:44+00:00,HTTP/1.1,200,-0.2041600812284789,http://localhost/admin/userManager/customuser/,0.0,0.6919135938941684,localhost,172.18.0.6:8000,200,0.13575219871988473,0.13525978945260617,-0.12809865888941385,2.1312215424863497,-0.25012610341281105,-1.7071901303791386,0.0,-0.16828640022295327,4.4788391353117385,-0.5359907308617213,-0.08749572785196141,-0.06907237049944219,-0.9636241116594317,-0.10274542267662386,-0.2436311491187561,-0.15594571538795135,-0.36534484646058274,3.5112837999869266,-0.06175075210944388,-3.418588449631194,2.6375994016017748,14.477568856683074,14.477568856683087,0.0,17.697065612811038,1.4210854715202004e-14,-9.244463733058732e-33,0.0,0.0,-1
2024-10-27 18:53:33+00:00,HTTP/1.1,200,-0.2041600812284789,http://localhost/admin/userManager/customuser/,0.0,0.8245052281662207,localhost,172.18.0.7:8000,200,-0.1001415203440652,-0.10025050854157744,-0.12809865888941385,2.1312215424863497,-0.25012610341281105,-1.7071901303791386,0.0,-0.16828640022295327,4.4788391353117385,-0.5359907308617213,-0.08749572785196141,-0.06907237049944219,-0.9636241116594317,-0.10274542267662386,-0.2436311491187561,-0.15594571538795135,-0.36534484646058274,3.5112837999869266,-0.06175075210944388,-3.418588449631194,2.6375994016017748,14.477568856683074,14.477568856683087,0.0,0.44710230280568086,1.4210854715202004e-14,-9.244463733058732e-33,0.0,0.0,-1
